epoch	acc	loss	val_acc	val_loss
0	0.8049438302577892	0.5556995179165373	0.127208480565371	14.067736957182735
